問合せID,問合せ：受付日時,製品：製品詳細名,問合せ：タイトル,問合せ：問題詳細,問合せ：回答詳細,問合せ：副作用,問合せ：妊婦・授乳婦服薬,問合せ：SS
20240319,2024/3/19 3:09,AAA,"サンプルタイトルA
この列に問い合わせのタイトルが入ります．
Ex)食事の影響について","問い合わせサンプルA
この列に問い合わせ内容の詳細が入ります．
Ex)食事の影響はありますか？","回答サンプルA
この列に回答内容の詳細が入ります．
Ex)食事の影響は〜．",1,0,0
20240320,2024/3/20 3:09,BBB,"サンプルタイトルB
この列に問い合わせのタイトルが入ります．
Ex)食事の影響について","問い合わせサンプルB
この列に問い合わせ内容の詳細が入ります．
Ex)食事の影響はありますか？","回答サンプルB
この列に回答内容の詳細が入ります．
Ex)食事の影響は〜．",0,1,0
202040321,2024/3/21 3:09,CCC,"サンプルタイトルC
この列に問い合わせのタイトルが入ります．
Ex)食事の影響について","問い合わせサンプルC
この列に問い合わせ内容の詳細が入ります．
Ex)食事の影響はありますか？","回答サンプルC
この列に回答内容の詳細が入ります．
Ex)食事の影響は〜．",0,0,1
